Workbook
Name Aporte: 'SIMULADOR DE INVESTIMENTO'!$C$12
Name Dividendos_Mensais: 'SIMULADOR DE INVESTIMENTO'!$C$16
Name Patrimonio_Acumulado: 'SIMULADOR DE INVESTIMENTO'!$C$15
Name Qtd_Anos: 'SIMULADOR DE INVESTIMENTO'!$C$13
Name Rendimento_de_Carteira: 'SIMULADOR DE INVESTIMENTO'!$C$8
Name Rendimento_Mensal: 'SIMULADOR DE INVESTIMENTO'!$C$14
Name Salario: 'SIMULADOR DE INVESTIMENTO'!$C$7
Name Sugestao_de_Investimento: 'SIMULADOR DE INVESTIMENTO'!$C$9
Name Taxa_Mensal: 'SIMULADOR DE INVESTIMENTO'!$C$14

Sheet SIMULADOR DE INVESTIMENTO
B4: SIMULADOR DE PATRIMONIO
B6: CONFIGURAÇÕES
B7: Sálario | D7: 3000
B8: Rendimento de Carteira | D8: 0.01079
B9: Sugestão de investimento (30%) | D9: =D7*30% -> 900
B11: INVESTIMENTO MENSAL
B12: Quanto Investir por Mês? | D12: 900
B13: Por Quantos Anos? | D13: 5
B14: Taxa de Rendimento | D14: 0.01079
B15: Patrimonio Acumulado? | D15: =FV(D14,D13*12,D12)*(-1) -> 75399.223
B16: Dividendo Mensais? | D16: =D15*$D$8 -> 813.55761
B18: CENÁRIOS | D18: DIVIDENDO
A19: 2 | B19: Quanto em 2 anos? | C19: =FV($D$14,$A19*12,$D$12*(-1)) -> 24504.865 | D19: =C19*$D$8 -> 264.40749
A20: 5 | B20: Quanto em 5 anos? | C20: =FV($D$14,$A20*12,$D$12*(-1)) -> 75399.223 | D20: =C20*$D$8 -> 813.55761
A21: 10 | B21: Quanto em 10 anos? | C21: =FV($D$14,$A21*12,$D$12*(-1)) -> 218955.79 | D21: =C21*$D$8 -> 2362.533
A22: 20 | B22: Quanto em 20 anos? | C22: =FV($D$14,$A22*12,$D$12*(-1)) -> 1012678.6 | D22: =C22*$D$8 -> 10926.802
A23: 30 | B23: Quanto em 30 anos? | C23: =FV($D$14,$A23*12,$D$12*(-1)) -> 3889952.7 | D23: =C23*$D$8 -> 41972.59
B25: PERFIL | C25: CONSERVADOR
B26: VALOR A SER INVESTIDO POR MÊS | C26: =D12 -> 900
B28: TIPOS DE FII | C28: Percentual Sugerido | D28: Valores
B29: TIJOLO | C29: =VLOOKUP($C$25&"-"&B29,'TABELA DE APOIO'!$A:$D,4,FALSE) -> 0.5 | D29: =C29*$C$26 -> 450
B30: PAPEL | C30: =VLOOKUP($C$25&"-"&B30,'TABELA DE APOIO'!$A:$D,4,FALSE) -> 0.3 | D30: =C30*$C$26 -> 270
B31: HIBRIDO | C31: =VLOOKUP($C$25&"-"&B31,'TABELA DE APOIO'!$A:$D,4,FALSE) -> 0.1 | D31: =C31*$C$26 -> 90
B32: FUNDOS FOF | C32: =VLOOKUP($C$25&"-"&B32,'TABELA DE APOIO'!$A:$D,4,FALSE) -> 0.04 | D32: =C32*$C$26 -> 36
B33: DESENVOLVIMENTOS | C33: =VLOOKUP($C$25&"-"&B33,'TABELA DE APOIO'!$A:$D,4,FALSE) -> 0.03 | D33: =C33*$C$26 -> 27
B34: HOTELARIAS | C34: =VLOOKUP($C$25&"-"&B34,'TABELA DE APOIO'!$A:$D,4,FALSE) -> 0.03 | D34: =C34*$C$26 -> 27
D35: =SUM(D29:D34) -> 900

Sheet TABELA DE APOIO
A2: CHAVE COMPOSTA | B2: PERFIL | C2: TIPOS DE FII | D2: %
A3: =$B$3&"-"&C3 -> CONSERVADOR-TIJOLO | B3: CONSERVADOR | C3: TIJOLO | D3: 0.5
A4: =$B$3&"-"&C4 -> CONSERVADOR-PAPEL | B4: CONSERVADOR | C4: PAPEL | D4: 0.3
A5: =$B$3&"-"&C5 -> CONSERVADOR-HIBRIDO | B5: CONSERVADOR | C5: HIBRIDO | D5: 0.1
A6: =$B$3&"-"&C6 -> CONSERVADOR-FUNDOS FOF | B6: CONSERVADOR | C6: FUNDOS FOF | D6: 0.04
A7: =$B$3&"-"&C7 -> CONSERVADOR-DESENVOLVIMENTOS | B7: CONSERVADOR | C7: DESENVOLVIMENTOS | D7: 0.03
A8: =$B$3&"-"&C8 -> CONSERVADOR-HOTELARIAS | B8: CONSERVADOR | C8: HOTELARIAS | D8: 0.03
A9: TOTAL | D9: =SUM(D3:D8) -> 1
A10: =$B$10&"-"&C10 -> MODERADO-TIJOLO | B10: MODERADO | C10: TIJOLO | D10: 0.35
A11: =$B$10&"-"&C11 -> MODERADO-PAPEL | B11: MODERADO | C11: PAPEL | D11: 0.32
A12: =$B$10&"-"&C12 -> MODERADO-HIBRIDO | B12: MODERADO | C12: HIBRIDO | D12: 0.08
A13: =$B$10&"-"&C13 -> MODERADO-FUNDOS FOF | B13: MODERADO | C13: FUNDOS FOF | D13: 0.05
A14: =$B$10&"-"&C14 -> MODERADO-DESENVOLVIMENTOS | B14: MODERADO | C14: DESENVOLVIMENTOS | D14: 0.1
A15: =$B$10&"-"&C15 -> MODERADO-HOTELARIAS | B15: MODERADO | C15: HOTELARIAS | D15: 0.1
A16: TOTAL | D16: =SUM(D10:D15) -> 1
A17: =$B$17&"-"&C17 -> AGRESSIVO-TIJOLO | B17: AGRESSIVO | C17: TIJOLO | D17: 0.1
A18: =$B$17&"-"&C18 -> AGRESSIVO-PAPEL | B18: AGRESSIVO | C18: PAPEL | D18: 0.5
A19: =$B$17&"-"&C19 -> AGRESSIVO-HIBRIDO | B19: AGRESSIVO | C19: HIBRIDO | D19: 0.05
A20: =$B$17&"-"&C20 -> AGRESSIVO-FUNDOS FOF | B20: AGRESSIVO | C20: FUNDOS FOF | D20: 0.05
A21: =$B$17&"-"&C21 -> AGRESSIVO-DESENVOLVIMENTOS | B21: AGRESSIVO | C21: DESENVOLVIMENTOS | D21: 0.2
A22: =$B$17&"-"&C22 -> AGRESSIVO-HOTELARIAS | B22: AGRESSIVO | C22: HOTELARIAS | D22: 0.1
A23: TOTAL | D23: =SUM(D17:D22) -> 1
